step,mean_vulnerable,mean_constant
0,0.8880058068625063,0.9703469728983941
1,510.6683040068416,510.49320479670325
2,512.2228950301272,512.1499403234102
3,509.53790087338825,511.6323766545897
4,512.2316905051022,509.97221346063503
5,510.17835097057366,511.21000404498784
6,512.204139862426,510.1134346914598
7,512.9548060041249,510.27843673283314
8,512.4593782894877,512.2983023679582
9,509.5067437422225,511.7425361852474
10,513.1880541681961,511.7806590737613
11,511.0851627992408,511.1602375702094
12,510.23465746151265,510.407724199346
13,514.182275964842,509.815182427499
14,512.4552838683343,512.3424237065124
15,511.1533690199922,512.2884797076691
16,511.40817798874593,510.85208879475675
17,510.405740335203,511.61956431708194
18,510.52438893497447,510.3328935237354
19,509.80288466238164,508.23171922817613
20,512.8893132065624,509.7102837877873
21,514.3084881926886,512.7206978816022
22,510.0714838474105,509.39774439672675
23,508.93063224735096,512.6549480915811
24,508.76911253309373,512.0014204189429
25,511.6387575879481,511.77843566958586
26,512.0954080677916,513.1146975627125
27,510.15754212573285,510.05976584383313
28,510.2659619629906,510.5133308784469
29,510.2328359438786,510.2286003758832
30,509.81335828875257,510.3552585862403
31,510.2276507482051,508.6303119462157
32,510.66878859334463,508.89832614117233
33,511.27934823789496,508.8901887573432
34,510.55204050616777,510.3334181717633
35,510.42475566761226,511.55917766993605
36,512.0413553243136,509.66561979363206
37,511.08765794399125,509.75547544621105
38,513.2826184966842,509.40169160621105
39,510.55031197813196,512.5838485289459
40,513.432636798222,508.8153962433387
41,509.38952686998033,509.2666592342231
42,510.6730390010188,510.6911176427256
43,511.7136607653017,512.502031000121
44,508.4478730413606,511.8315439343887
45,512.4189789218692,510.56470615592036
46,511.3601297606131,511.6386331550998
47,512.335606120328,508.66714640862733
48,513.6017164031723,512.6436062694984
49,510.0466893350683,511.1111576412419
50,512.9826330285911,510.93837412885495
51,512.9790338917793,510.0688087332959
52,510.1208401284608,511.23173783689776
53,509.46658287628543,511.27925034832646
54,510.38328779744245,508.4922435476621
55,507.6361639216584,508.84980535027046
56,510.81427319348217,513.7457806632225
57,512.1337380847267,511.4121331448465
58,511.4651399467503,510.0241154789877
59,512.3029479128004,511.71937935202186
60,510.67290931270634,510.27240181983166
61,509.01742369424824,509.9349507822939
62,512.19192233982,509.9361945927221
63,511.2876393281025,512.6134277127966
64,512.3302714666138,510.149488831011
65,511.92979753051486,510.9329218787662
66,509.4803445785702,508.3911505668791
67,510.8266480809291,511.52362053945467
68,509.43901605603554,511.24324893719165
69,510.2923829500342,510.81784200595285
70,512.3823743130154,511.1348975348812
71,512.817637375676,509.1258739129396
72,511.3804583677687,511.7493686959023
73,512.2790551865806,511.6404178199557
74,510.2921042952434,510.5915537653071
75,510.90773019346756,512.1447187117536
76,510.1039516581217,509.3905072408534
77,511.40580577806014,509.9644093400074
78,512.8346627873004,511.3299414911316
79,511.6562354105091,511.78555935116697
80,510.2856593547523,510.8162979245884
81,512.2796922770788,509.6914852999173
82,510.089113501087,510.289698589527
83,513.6225436423354,508.6411184724328
84,511.4839747443972,510.56228018522427
85,510.07241915550713,509.6771318444551
86,510.48140985849693,513.0808420034072
87,510.6325513304971,511.5051279949065
88,510.74075340659215,510.8118858068538
89,509.8805361488872,508.12718876390545
90,510.150948291412,511.47666829292893
91,510.5815529036691,511.64919597824553
92,508.761352099667,511.36039553909575
93,511.67474173288616,510.94092341903047
94,509.88590157260427,509.9896237460812
95,508.586831341374,510.67008209666676
96,511.80127984917914,512.4877191386944
97,510.8830834284443,509.1610862436565
98,510.6605995895643,510.06214473210525
99,510.53281592445643,510.661576884149
100,511.76818816827455,511.01804590520476
101,511.6841014207114,509.5872005886011
102,512.0349641187152,512.1817376918273
103,511.6770178373868,511.85469440604714
104,509.86529669207783,511.7933763254301
105,512.3504093682982,509.6347374217266
106,511.8995483029243,509.49575050742396
107,510.661587902139,510.3293510647923
108,509.8234482425665,510.47076794877563
109,510.4217835023574,510.4846453535021
110,512.6499501442512,509.47602320739827
111,511.72083472687007,512.5524397982327
112,512.2647076766231,510.73378458626115
113,509.47843805709846,511.6298516517834
114,509.149551584282,509.5625665521172
115,510.26414941590104,510.9041423569383
116,512.1402552020236,510.7571351467751
117,511.24279704291394,510.51229941123614
118,510.03638490639315,511.1319547699765
119,510.66951530116097,510.9871536785367
120,513.3717479789221,513.4219516945784
121,511.52958608128176,512.0974013691607
122,511.70689262947786,511.21718756998774
123,511.16937667279745,510.75653379201793
124,511.94136805008475,512.0305115292123
125,512.1753266817124,512.8132277700914
126,511.8536262195707,509.70422412757665
127,511.8477736141667,511.5114848871174
128,512.7234603230218,509.9915898232062
129,512.1643001877171,512.0524527088315
130,512.9975832495558,510.75326534411
131,510.7952626113643,509.969827842626
132,511.179217768757,512.208254809527
133,512.6087423563289,512.7903670057348
134,511.13866539627554,512.278516937432
135,510.5380351170451,509.2903768389567
136,512.8255935657988,510.99104943020376
137,511.9853898826304,513.4832568923248
138,509.90091232842184,511.75806462557307
139,509.89427087937804,508.58451039606024
140,508.58155051735116,510.41490182340124
141,510.75445125423846,510.8912248664322
142,512.1832668899142,511.4030822325302
143,510.85903928810035,511.22765876866276
144,511.7030748109975,511.6503535771077
145,510.880104472838,514.1247881087492
146,512.0050577221446,509.66994418723993
147,512.4520231925964,510.75693464485414
148,509.1611481839455,510.62560795303784
149,510.20156061361774,508.84252519054166
150,509.8012723707719,512.1979363237151
151,512.9919760601994,510.7218575929857
152,512.3048945990475,511.47165172357114
153,510.1011629378432,511.01222809103785
154,510.787453212698,510.8238296900385
155,511.54835694938714,509.3549729260814
156,512.7677241145724,511.02949743920163
157,512.8838913671876,507.891831792495
158,511.9016627566176,510.48594039323314
159,512.7276757991726,508.42882565827864
160,512.420046892131,511.5467410089649
161,512.4240856836833,509.2446247534421
162,511.94597053077877,511.742575666221
163,511.5449685362842,509.6601645032118
164,510.6464986300739,511.5065243037979
165,511.10181615949375,511.0700558762645
166,511.4977972372235,512.4656559534313
167,510.60002800890965,509.86469761714795
168,510.3717206367896,512.0690795074299
169,511.95871430320005,509.80325806112427
170,512.4118057946172,511.12566234646073
171,509.94225613854155,511.2467999377343
172,510.5290398678211,511.26926928495726
173,511.7570093041308,510.13071087148455
174,512.5628052596852,511.43177520118
175,511.45238018930655,509.90357548164263
176,512.3846481017966,512.9831898309984
177,511.74455141909294,511.7236686292282
178,511.89558627868274,510.060091422823
179,510.07408552118005,512.2448518198389
180,509.65475937035,511.0890447143188
181,511.4106518687779,509.35352412947987
182,510.7012123789943,511.7240450348966
183,510.69847112141764,511.34583116323716
184,511.0443879666046,510.57404546554267
185,509.70906046781755,511.1615988671769
186,508.24044029629545,509.6401744498351
187,510.74586823114146,509.577419531491
188,510.6196098525478,510.4378370929812
189,512.8255203988791,509.5284104930132
190,509.7427538416656,509.437421273172
191,511.2124734584765,510.71576808588014
192,511.7513914778668,513.9726923547173
193,510.32940388229986,511.0435340346295
194,509.90169384411496,510.1469122811332
195,512.4182147376287,511.148169049765
196,510.3910805557327,510.08286348525127
197,512.1568764558447,510.7059752444401
198,510.1251539307154,509.89799697896376
199,511.5254033211184,512.9529241414815
200,511.38813561797696,510.2611563134545
201,511.8587979181083,512.4042717515116
202,511.1624365671397,512.9874782282719
203,511.5583650624921,512.3650101056091
204,512.8838292420975,511.30756049433114
205,512.1949625969015,512.6117572844015
206,510.57963130927976,510.16984033870386
207,512.8343775544083,510.1861886788789
208,511.0850715879366,510.6472801268124
209,510.62243459403,511.4809133644653
210,512.6549082353298,512.1634558553568
211,510.88521581822397,511.30967844619977
212,510.08584739600394,510.4510796137092
213,509.98106791524293,513.7916773376091
214,511.7453860682191,513.5738886200804
215,512.423008834564,508.8341979166186
216,508.61098630169437,508.68898510581533
217,510.3809281821284,513.561572267845
218,511.19566391719144,510.71250901732157
219,511.55652109481946,511.1451721891627
220,513.9021944293435,511.8678055751074
221,510.37722165482216,508.87879150086866
222,509.0686895216759,511.4305537158536
223,509.41713790289697,510.4937797846828
224,510.50567570288695,511.20369439614075
225,510.5134664126042,510.3627501328974
226,513.017476518851,511.60482100483614
227,510.7498757723545,511.57127843727716
228,511.6793229496803,511.8709603040714
229,510.52392205450025,512.2063241263368
230,513.7053923309993,508.31369901360864
231,510.2366194401928,510.37353632053004
232,511.5527924301818,512.4896679599273
233,514.0361544843853,509.4419033056936
234,511.8942965482207,510.8143894465817
235,510.1882167342203,509.2927227063245
236,509.65291164582925,512.2628540074643
237,513.4432810830175,508.34885023544814
238,512.5292536944934,509.8699651444133
239,510.90161807668335,511.3575380722224
240,510.70427010066186,508.8157500395757
241,511.88240598417343,509.306326588571
242,511.28803791359957,512.0090898236409
243,510.93722763321296,510.27389613130583
244,509.87628932030805,509.08212593252847
245,510.88780575692005,509.79315564063677
246,511.0907552547545,509.1531049416419
247,511.3319754580651,510.0031452276125
248,510.12835755121847,509.396528461677
249,513.3996804955627,508.677764767353
250,510.1373010321693,512.4284123816107
251,510.6069952844875,513.1793819250764
252,511.3657897129981,512.4344839083597
253,512.2948541064438,511.1688360906867
254,510.6353205290787,509.1364196417599
255,512.200839187345,510.097738294333
256,511.7798979141643,511.541229243025
257,511.1586914950731,511.9416657295821
258,511.8798529482849,510.20648482022193
259,512.4422914970503,512.0001937241861
260,512.0989908723492,513.1501294041695
261,509.57929745753006,511.15991776841264
262,508.2321818695251,510.5437210723075
263,511.54532965387517,510.3437685512321
264,512.1023800936424,509.0287193375293
265,511.1632509978579,511.14433116157755
266,511.4499681399267,511.9259641518043
267,509.6929867159569,510.4891387712163
268,512.4403181074883,510.0839301429137
269,513.592842044578,509.9623116755244
270,509.86964515168677,510.5884319064579
271,511.4545404885309,511.702680786752
272,512.3418190054207,510.75703049538834
273,509.9342596807133,509.8273681658762
274,511.6812418052149,511.5949053216654
275,510.331444932278,512.5040877880803
276,510.8911490566317,511.0379366103254
277,511.0585336593858,509.6700088455986
278,513.114351509356,508.80307079362876
279,510.0067190353039,511.6377473282819
280,511.0830509273392,511.10731956638267
281,511.82293011762124,510.86693762915644
282,510.8882945938933,511.5422682156563
283,510.4208109460089,511.0014516130764
284,510.6745981398001,510.8597575078127
285,510.61336524176244,510.075825490101
286,511.0630978817931,511.7857275870351
287,512.4878355728503,511.70941935597045
288,511.11210160159897,508.7248857158629
289,512.4774306561102,512.9362649890016
290,511.71429505101054,511.98246108931517
291,509.98827057499324,509.36300520502476
292,511.50144989133116,511.97504733459033
293,511.3603644282829,509.8377017062631
294,512.2141806649214,508.64398008172157
295,510.199865226888,510.52029890157525
296,512.7880356233579,510.54623388606046
297,512.0761360451384,509.5499089809076
298,509.4176487526954,511.18240159176094
299,512.6599246413922,512.1007535883634
300,511.12475660417493,510.5170615048021
301,511.11019519361395,511.0487695829344
302,512.5323126646443,512.9549997770721
303,510.559352189591,510.7122285721161
304,512.2017033245381,510.95154348019685
305,511.36162804217037,511.94932583948986
306,511.84381827019126,512.5059044308508
307,509.38498234197544,510.7541087290561
308,511.6001537134952,509.926687548133
309,512.0558273136439,510.76559510901694
310,509.26678136144113,511.2286443326003
311,511.49855633635804,511.4268880127867
312,510.79155110162947,513.8805651103132
313,511.38115928976106,511.68495773535574
314,508.43371087470297,511.7933250940443
315,510.3917052622688,511.1179826304993
316,510.8677918785116,511.33782266275927
317,511.1221764961094,511.26343127563433
318,509.5714363035023,511.0856553096178
319,511.5868696380696,512.461329555758
320,510.52851342485275,512.0107840733901
321,509.45340828228103,510.52741315620756
322,509.3568579290922,514.1210602897073
323,511.6154645997213,511.0757469491224
324,511.96904672456276,513.9345448189225
325,511.46325343671253,510.5054559526458
326,514.3129547759148,512.8664017072732
327,511.05011144042055,511.1712441968742
328,510.87729751893824,508.36533415598
329,508.3509088289897,511.83774210167377
330,508.4305922395941,509.8529790507554
331,514.1438593279429,510.180923022392
332,511.83071663075293,510.50490363410984
333,510.90586034078103,511.792073311138
334,508.25942265164787,508.959605279348
335,509.6738822006977,511.9466109112488
336,510.7604097071283,513.49438236176
337,509.64678324426575,510.9510758186219
338,512.1270963584149,512.1311919906025
339,509.81169018954796,511.9497716585867
340,511.14090828213097,510.982909751397
341,513.8351691390934,511.461926606431
342,512.1769151769709,509.0059648967029
343,512.9443504790224,511.6378289495646
344,508.23371578257036,511.18783465674227
345,510.4798930224325,513.0772582794441
346,513.0411095014341,513.1639767270967
347,511.36422114185933,511.58374022215554
348,511.3076101119821,512.3525497469499
349,510.73400792455845,510.9653840977829
350,510.85417380754194,510.26225400968224
351,511.15503583299056,511.48931464825137
352,510.5471828410697,510.86707637001393
353,511.2990233217172,508.8519971756695
354,512.1112283000881,512.0898156173296
355,511.70313446992355,510.0604878839609
356,511.30137794154854,512.6455714583981
357,511.24393487726803,510.60045925082676
358,510.2977663691861,509.7806155982489
359,511.39629806977103,510.7728254262105
360,509.5404170131824,510.7008754495475
361,509.7629678496246,512.3426861651152
362,510.8180569631171,510.50410958667453
363,509.59691719528087,512.1110967379086
364,509.8320413965567,511.9185898182694
365,510.0791745674902,514.1351764698401
366,510.09365083720115,511.6288725528954
367,511.7026773086003,508.7501214134345
368,510.1983633860511,512.074891405825
369,512.7657549877806,509.9722196960135
370,511.23915008021453,511.9157178160466
371,509.85159472084507,511.3084906266254
372,509.94851057188856,512.930338492137
373,511.4461683772487,511.03296712228826
374,510.91911136164777,510.611382226835
375,511.621210417026,508.46289504368167
376,510.6394574509008,509.7141371001868
377,510.8353349400911,510.550311227837
378,514.3775763162851,510.68615409081673
379,512.7517854818606,512.0221798544799
380,510.85844883367866,510.79687481938316
381,510.3416991554808,510.4779931486101
382,509.6025129795081,512.2789134051498
383,510.8298754539916,509.91340596200763
384,510.35509203063225,510.51262776941
385,510.7707293912387,511.7623668470508
386,510.7236620966478,509.6259681348809
387,512.1150235990478,512.6416673759456
388,512.9687742624169,512.7700577929542
389,512.1453643075118,512.6510895970117
390,511.4798354017499,510.5930891552091
391,511.6390697167229,509.9903171863944
392,511.71965242357993,511.777405724727
393,512.6494458550262,514.0536084909652
394,510.996276520168,511.1643687941003
395,510.375660451936,510.72676006560795
396,511.7512658214819,510.49847204963737
397,513.3730518490152,509.8584444152013
398,511.9612491665554,510.31439769626166
399,511.86120856901357,510.7924953520102
400,512.1541080679465,510.67758626276753
401,509.98001703415144,509.53053603590223
402,511.8942200648932,511.7925315879037
403,511.41897945916435,511.3520775346238
404,511.02811437107465,511.0386876499193
405,513.0209751934607,512.3406043567835
406,512.1374813165256,512.1618712857636
407,510.5643865632424,510.7737942713152
408,510.2481539772461,509.3088880208055
409,513.1301592738481,510.154447297927
410,510.05769607198124,511.85617863279776
411,509.7510259998085,511.1596683635348
412,513.8606945519075,512.0493511679509
413,513.2652458230065,513.4464913075188
414,510.812798795914,511.97535566867737
415,512.316009837479,510.0315653902595
416,509.8883863903197,512.4057482621226
417,510.6703082183513,510.88309250344156
418,512.129899577854,511.67566760080655
419,511.22973599049146,512.0294097913799
420,511.1804158555499,512.005114971601
421,511.302123039255,513.096668134545
422,512.0081247470715,507.963209177592
423,510.99304127065716,511.3706714379153
424,510.37490818157033,511.7176643868307
425,511.74187496976094,509.3045441157033
426,510.9418495970562,511.60028393384187
427,511.4382209277223,511.396760430028
428,511.0871785990072,510.58865021344263
429,511.7492701754889,510.7170758988299
430,510.7002623484202,510.92466720940274
431,511.2341908164917,511.65566309600604
432,511.49169254997764,512.7380738520835
433,511.4150317390754,509.28654717154046
434,511.804800307466,510.03345979187463
435,512.0669154260323,510.40309228484017
436,510.8858791455541,510.91000139980304
437,511.6658695494726,511.29290326008396
438,512.0483970431646,510.20499416554577
439,513.4882612302071,511.07829789955315
440,514.4971921448083,512.0214395226649
441,510.0944718392402,512.1871076806659
442,508.67018442733445,510.19033605511214
443,510.32727070425193,508.7449646915676
444,509.47667957898966,508.9342658581084
445,511.60564546586266,508.3059179420875
446,510.6982578819682,510.58386683087406
447,511.5753950565772,511.2311774991644
448,508.4141017409494,508.37357428219894
449,509.4327818910768,512.3972253290103
450,509.6079948453164,511.69954206893044
451,508.4327247254377,511.66780010198846
452,511.6560977553097,510.58886365128205
453,511.76454663534776,510.62781843864764
454,508.9447114974626,509.21590319481726
455,509.96941948366225,508.4505937430772
456,511.01583283401095,511.3032717156656
457,509.33487809115974,511.6686757677283
458,510.56514438912166,512.0313580215089
459,510.48375602179675,510.98146769817464
460,510.8320053901227,510.6593827752948
461,510.4466686745114,511.6207422860934
462,512.9423069570709,513.6389861005227
463,512.3914363141233,509.88014207484133
464,511.10261515330933,511.91311163335155
465,510.70267614871767,511.12649155056863
466,511.3733964918827,511.3404783763841
467,511.1625272680947,513.1673814579522
468,510.2550759802347,510.75141853159903
469,510.7002632804825,512.6365779476982
470,510.05417203197084,510.918881351376
471,511.2921649818737,510.2785027383973
472,509.5767484187601,510.808156631671
473,510.35627509368965,511.9487312552729
474,512.9557777135818,511.9060134538622
475,509.32598059608137,511.718946411688
476,512.19947063938,510.6431290801817
477,510.46359626698376,511.969921220069
478,513.4703538518212,512.4164828342364
479,508.73375538343333,511.86347243025784
480,508.46178678588643,511.6685517463448
481,512.9594991889741,510.8405540660666
482,511.96166553628814,511.2681078854538
483,510.5280071621429,511.4807630086902
484,509.42160897510473,511.41681849528175
485,512.0752725275136,511.1518477675958
486,512.2043242282991,511.5571991632607
487,511.70216378167163,512.7378639542462
488,513.4657135396096,511.5031354181164
489,510.3011464201388,508.695669940189
490,511.66602526085376,511.80881440449144
491,510.87036643078386,511.9804040183293
492,510.8789908981058,510.6530057720092
493,513.6799693550482,508.79643774023
494,511.1149988013763,510.18443096893367
495,509.6815473180182,509.5379843996698
496,511.20767950350506,509.62949593837556
497,509.85136768265335,509.67528012313596
498,511.15274304122073,510.78093426084246
499,513.0157298713601,511.5818286899746
500,513.6099734918597,510.2287023993071
501,510.3696796674942,511.24196234703356
502,509.4165599247712,511.5009281935635
503,510.5882244306804,509.81863756497535
504,510.2467256256997,509.86382914948774
505,512.937715383779,512.6661887390303
506,512.5284067106619,507.749957384184
507,509.12959088027566,507.8042207689594
508,510.3123598945623,509.26143110063714
509,510.17342457295985,511.33838018401343
510,507.9359112425124,510.59835538555507
511,511.4260011887254,511.2848370312066
512,511.56963244954085,509.5683250922542
513,512.1202681226863,511.3579250638897
514,511.7005932569821,513.392543941961
515,511.184073430561,510.319484288594
516,510.5548740072011,509.7381572008527
517,511.68965195008803,511.0047386730093
518,512.0415559152293,511.5539861147381
519,510.7991692574655,511.85083092682066
520,510.34419469350115,510.660320181711
521,510.32153099768794,511.0580331461617
522,512.8294707111298,511.3437950589295
523,511.7272229396383,512.5924741063334
524,509.14721464753336,510.0155401568321
525,511.46996558762174,509.97310928626877
526,510.3834580470447,511.4741159117453
527,510.0950656723812,512.6214083986284
528,511.47600223010164,511.4409071072764
529,508.36609787025634,511.9372437367929
530,512.8710387462003,508.8793128055467
531,510.11754318367224,513.3626320992244
532,509.9852563767139,511.7865999841237
533,510.6150821224732,511.2542252885798
534,511.51857575014077,510.67856050714397
535,510.56410205663656,510.1975864481807
536,510.6798008104176,512.7988114309181
537,510.6708346413065,508.87858327064566
538,511.40074400298755,508.8612997915905
539,510.6346505239174,511.1851442787978
540,510.8934434986136,512.5592376806312
541,511.14738059188,510.44022823220854
542,510.96886968920086,511.8904933517878
543,511.71330830493264,510.0975026483764
544,509.9390631840805,512.0462363261689
545,511.24262109917396,511.05273560814675
546,511.51607827895924,509.908642427485
547,509.4474698523119,513.4333179798452
548,511.33529354822315,513.9249609740676
549,510.42130058040544,509.34603825290833
550,509.9136731167083,513.4664440964962
551,512.1579026606743,510.23642447314575
552,511.7847392474274,511.5867646680144
553,512.7586582016894,511.70031086367965
554,510.3940735377278,512.9610489363225
555,509.6054506026127,510.3635988906314
556,509.84626664831643,510.9584193911802
557,512.8395348696796,511.7081504763828
558,511.78348302891266,511.9549611542049
559,511.7994652187732,513.3198453204542
560,510.81461227892606,508.44792460739853
561,510.47802286734986,510.8676318833493
562,510.5789428622555,511.82556822966467
563,510.3803804945517,512.712133494356
564,511.2228567433726,510.21974126196244
565,511.0074036343838,509.03986626193955
566,508.8669812289604,511.1059627700399
567,511.63176547352253,510.6278897411502
568,513.5492104761116,510.41326651454386
569,513.1363539592569,509.5288668798501
570,510.6364027167755,511.6227420947888
571,511.050326481268,513.2207654185355
572,511.0321633639101,510.23282112777815
573,511.1968878052698,512.3467237324849
574,511.42041641448316,512.5265983937699
575,511.638095750717,508.8086270084565
576,512.4086014885463,511.4949014496362
577,509.7527914025396,510.4310260259396
578,511.50967597857544,509.8103346951591
579,512.1839667104905,511.0809822021021
580,509.2837678712913,510.09067346786975
581,514.6786490822552,512.7229700220647
582,509.7034291149966,513.21975674089
583,510.01314621515826,510.9024337420826
584,509.4622451800862,510.05364538566954
585,513.0240490166037,512.1725804530388
586,509.0138162206685,508.25996725709985
587,510.0475593036637,510.76682275027156
588,507.8172692114756,511.43222552234266
589,512.7478793408401,511.3655666680902
590,510.3665355940094,511.8441121011495
591,511.25765849577726,511.8515159025377
592,510.2970071495232,509.7794378880452
593,511.04070962473236,510.00035830696504
594,510.84617873732554,511.48706732826463
595,510.5807124687642,508.5294816831768
596,512.1994261026077,511.03211766424636
597,512.2941902721335,508.1614596372523
598,512.4042773702508,513.0756717066117
599,511.27028853646624,511.67284307260667
600,511.48052588943915,511.72569698628075
601,511.2155665336274,510.628854176993
602,510.8323373686888,511.11332292194044
603,509.514362400351,510.7954893146853
604,510.08761592710266,511.89953101659853
605,510.2080134239162,510.44817374736476
606,511.59826611618996,511.55817617829996
607,509.00528430641185,511.3865478851054
608,511.08947385584383,512.1410609191447
609,509.8039187460451,510.27714516321583
610,514.0499426189302,512.706737117182
611,508.65007452761733,510.9883155624922
612,511.98270078568856,514.0395515186005
613,512.6178551364894,510.83224176616983
614,510.97445943791485,510.8838300450071
615,512.5258047041413,510.33937435491924
616,510.4755956477893,509.72518540976637
617,511.5035792431151,511.0273993166406
618,509.14039992960073,511.86125853612197
619,510.7304519225399,509.7325742729461
620,512.5934608701076,513.240833956618
621,510.28945341806906,508.88103024147637
622,514.1341462294787,514.4240029478979
623,511.7357218025748,508.34778121697815
624,510.62653090145875,511.4130632592994
625,510.4343793050736,510.21484603667903
626,506.56516914331615,510.38328972443287
627,512.4864864961735,510.6338202919839
628,511.1913665161881,509.1961916213732
629,511.435824281846,511.1921107115835
630,509.47296108017036,509.9403515258592
631,512.9558861886222,512.4321454183107
632,510.9321829228919,512.3857430235618
633,511.7016086775185,510.46778096236335
634,511.4969841233766,508.94433467964683
635,511.7648605272203,511.9784379709905
636,510.05875323108603,511.75615773654437
637,509.45706916860536,512.6408441953711
638,511.9299610023113,511.34800043804404
639,509.5881430331796,510.1274923288214
640,509.92371078560274,510.84682392435275
641,511.36042398116746,512.9129361793946
642,510.34292232340135,509.3950935159977
643,510.61624740060194,511.5069636548293
644,510.892678204667,511.65731931228044
645,511.4404152803255,509.3172294045535
646,512.0608727559359,511.2901229833361
647,509.36819156356813,511.28726264403656
648,512.2167843148828,510.68181365742754
649,512.8909298966498,511.7952160423794
650,512.3588830568674,509.88191002363493
651,513.4238284533686,511.58082795435934
652,508.8891846480232,510.9592762099725
653,513.2802169440175,512.8747050757952
654,511.0131019482328,508.5376440209581
655,512.0250050111641,510.4791581750142
656,512.399789362539,512.7007353205123
657,510.4226677247748,511.30696414692744
658,513.7857390393257,511.9836490752018
659,510.9879470835109,510.20403964016623
660,512.7784749638744,511.6616894291793
661,510.5836065696281,511.69765558521266
662,512.0869071536063,509.84159131182145
663,511.6232753779065,511.04521408391196
664,509.6300605096763,511.2703676864732
665,512.9797045142078,509.1288472405565
666,510.34333135872004,510.6539792416203
667,510.9605779135446,509.7340738106936
668,509.47749218736055,510.18938846547934
669,508.87985690113595,510.47499340065775
670,508.1423585835372,512.130247881842
671,509.8037015714126,513.2431376615292
672,510.5712520320336,508.83564301835287
673,513.2809514327386,511.68006018348467
674,511.1278572171424,510.45923598627036
675,510.89377446148285,511.19070628583705
676,509.57149405991174,511.19571890309936
677,511.1903898959756,511.16246371749526
678,512.4288400544709,507.4471896071636
679,511.6522329034833,510.2313305013916
680,513.2851477313951,510.38131470523695
681,510.46322518233256,510.69938917830734
682,511.4672743121131,512.5532090446758
683,510.4411751362546,513.7092046832563
684,511.2515829794209,511.70226416916626
685,511.6331763341634,511.0231611455428
686,512.1787340985844,508.7861020860794
687,512.6050991313584,510.72645739188505
688,513.5539340557076,510.4816321516168
689,509.308393831019,512.1539741272052
690,509.8307935078442,511.104439436509
691,511.72600788312235,511.9569858728059
692,512.4143121639122,509.57334433265135
693,510.8681026128831,508.9399751751455
694,512.447332202493,509.41280541643715
695,508.380705717228,510.46391938239384
696,510.3413030883548,510.5037733343856
697,510.4819151359724,510.76043389433687
698,511.57321191417964,511.3842490801794
699,510.69754376047786,512.0603553709724
700,510.403151015918,510.33496183995504
701,512.6709750622226,512.1588719681189
702,510.1167165470395,512.4511749924267
703,512.8675965265772,510.8726814402735
704,510.51608155092237,511.21089772042654
705,509.82443362818196,509.9890326115841
706,513.351306404768,511.86604029249867
707,510.898146156571,510.6316235290165
708,509.392036458146,510.8879651513438
709,512.8315258805557,509.992572661566
710,510.70830540025094,509.9405588354528
711,512.2607027062179,510.5050953741085
712,509.8432677547776,509.4507923904397
713,510.37375532413716,508.67516819284094
714,511.4109744090719,511.23330375654547
715,511.7372241293791,509.3332984001117
716,512.2141165701237,512.0523809361032
717,511.1768615093937,510.20012613989394
718,510.5636778073399,510.01816404158586
719,510.46146404293717,513.2828600426722
720,511.81915372466307,510.49965685793364
721,512.5109467848503,510.4259362585176
722,510.17271376710715,510.3356719143931
723,510.50808051963065,511.6477497840561
724,510.25632819519245,510.48443284127404
725,511.5936821540487,511.0507795765153
726,511.77130685009536,512.3673247092297
727,509.32539307143907,512.4822082260299
728,511.6972129958347,511.36241714802617
729,510.82830650988075,509.8995998037197
730,509.84242939799384,513.595340636494
731,512.4225296045072,511.9471630110236
732,512.7353509329729,509.07110687417145
733,507.60706362378716,509.80417258188737
734,510.70599180338615,510.001415692012
735,509.3157162055186,510.59904678634
736,514.2920000796527,510.236250573964
737,513.59031750166,512.0410988414901
738,511.3039710569166,508.6015247372565
739,512.3905353221518,512.2565901127851
740,509.0697218917904,512.0188660596763
741,511.70071433273716,508.07543586278035
742,511.4798803448524,508.83887816059945
743,512.4032787859068,511.1436058541857
744,511.4918726436336,507.92508643659335
745,511.8022496135559,510.1939374512139
746,511.42502784786154,510.1615079179198
747,510.7294505076397,512.4073840450255
748,513.0198277824268,509.97963505491117
749,511.06415704542013,511.0452710593843
750,510.954964638151,511.24857627487836
751,510.285468524974,507.8645988781365
752,510.1125222560244,511.8702024487507
753,510.6455108892488,510.2871774708718
754,510.72004115544104,510.9272702027609
755,513.4264482634571,511.04791282587314
756,510.47231304688427,512.9989830602192
757,510.9786829277356,510.62519545496247
758,510.8185764773749,511.5280331333581
759,510.87326741059456,513.1332679019275
760,510.03295869511845,511.34033843886914
761,510.91752797925653,511.8444657885602
762,511.75492665524916,510.7693933414723
763,512.860421278992,513.9835938127432
764,510.3636793475639,511.9730552323642
765,510.7826296352535,510.3557652298578
766,511.17018611136,509.63367752065574
767,511.43015730613496,512.9917680597755
768,512.3556139274821,511.56489022602364
769,512.8718668986052,512.8760166548944
770,510.3165312614366,512.1048774107733
771,508.83158877225554,511.6486628722988
772,512.0521534050141,514.8273064723519
773,512.1538258437769,509.69517661333464
774,512.2297636476243,509.3716716157485
775,509.0432603076461,512.6992680897476
776,510.27322131045753,511.06332459931144
777,510.60422040401306,508.82531023792797
778,511.4640749966674,509.9598118300887
779,510.7628766542655,510.5199850095375
780,510.4370871836987,510.99063215767876
781,512.7555712414913,513.0463216013934
782,511.78914851280786,508.9623672962833
783,509.828959980913,510.7143271652245
784,510.415800158047,511.7254988789823
785,511.6320072239382,509.6115170125704
786,510.7856932303714,513.3873543451832
787,511.55467560967827,510.52075479321815
788,511.58758676590134,510.4876635317161
789,510.3950054196597,508.96479242436027
790,509.8196776069338,508.95170971958856
791,511.37982434462396,511.445790961621
792,510.7057545885113,510.99215095914155
793,509.13592748227074,511.6113425778982
794,510.49385007972177,511.78999604397325
795,509.5489255182868,511.8850425204752
796,511.9201636865962,510.468571443494
797,510.72987524161874,512.198972898185
798,510.9651664932767,513.4259154045426
799,511.2394042372332,510.52801364222796
800,511.2610614993336,511.74309495721263
801,510.25204601162955,511.8453674670994
802,511.01305438482535,510.0455529766208
803,512.4549175742292,509.2890028608793
804,511.39156623389687,509.9364190781873
805,510.5455424785234,510.99030898188414
806,510.27097874985327,512.6974313833243
807,511.64470216364174,510.2217230721662
808,513.1009212614247,510.13775110308063
809,511.95193705881724,512.1487069657605
810,510.3916133644716,511.0647923142902
811,507.9937568486256,510.91265009889236
812,510.86378069832136,509.24785729910013
813,510.42741498296544,510.6958052935028
814,512.411775870689,511.79931235405326
815,510.9785854600141,510.3602074369915
816,509.61589772601167,511.97434435795964
817,512.9273750119195,510.31278895931626
818,510.48113100627853,510.9985393619784
819,508.2039999256151,512.2808557149807
820,510.9623262143133,511.0591867666479
821,510.01702379832386,511.1070935133583
822,511.4178673071808,511.4320115608148
823,513.2841165465147,510.647066430523
824,513.6181526051618,510.3307998174183
825,514.5105489708152,512.2924194749913
826,509.91252813823615,511.9175854128932
827,509.2201392278885,511.40434723966075
828,512.5463539560353,512.5964194900836
829,511.74644468386714,511.2464150828297
830,511.98415832854886,512.6479419544441
831,511.4483580035038,509.34942077233114
832,511.13321344931114,509.4499899160756
833,510.290650775864,510.2906094819378
834,512.5735909292655,511.81678604136374
835,511.00303252780606,510.5098688047605
836,511.20844187744234,512.3557405556568
837,513.1469195904414,510.20127320027785
838,509.7866990585396,508.98030136686526
839,510.79642989932523,512.1167409750987
840,511.6084839212326,509.77150289923446
841,510.3019782728024,508.8208622233852
842,510.6718028605482,510.7215913534051
843,511.9094446264199,510.83331123146064
844,508.86038549526256,509.3946233204333
845,510.66156968935877,511.52666374610453
846,513.5329214591693,511.939763932115
847,510.67583676172393,511.1150615584764
848,512.4747013471226,510.1879228582262
849,512.8707782416145,511.0921604355808
850,511.81148690592573,510.5049471831018
851,511.47680131244067,510.5351649108148
852,511.4901003000017,511.8856417738612
853,510.0856906468752,511.25387791355905
854,509.30107109519537,511.5773297340121
855,510.3929919151721,512.0782955835481
856,510.4637275132303,513.5263432583373
857,510.68753180714884,509.26568465706737
858,511.1395155839755,510.1826449324563
859,512.6897631817866,512.6911895629448
860,510.72651123739286,509.03006096321496
861,511.08554853344646,510.04821247151546
862,509.7112212514441,512.8827664550925
863,508.0142931125745,511.6233106710625
864,511.46071605473855,514.0096757257861
865,511.39728945530817,510.90310756439226
866,512.1974927167629,511.9366270726138
867,512.1996486876053,511.59782068825353
868,510.6303982290759,510.6515043540583
869,512.9096057490917,509.4319365548101
870,511.03817544439534,505.6975515872113
871,511.44067659442607,511.54273523171395
872,511.7417540757653,511.12278712683195
873,511.5957117117196,509.9100570610029
874,510.78616217180604,512.7297106783873
875,510.95428335337635,508.912620686606
876,508.74124709466065,509.7650564828983
877,512.1253558927407,511.56312288602544
878,510.38075907152756,510.6394549189716
879,510.15153278706623,508.311806330353
880,508.90737125702793,509.719244081372
881,509.84540777065047,511.61796172580364
882,510.52191052957517,509.55290209558694
883,509.7790664000589,510.99446484184676
884,510.56681619873376,509.2921193612105
885,510.0064128104439,512.3802441707655
886,512.1958127491326,509.2432416929095
887,510.49583601993663,510.9181875518585
888,509.18099223704075,510.310410728282
889,512.1777824602349,512.2659227710201
890,511.7124195200388,512.2989371204735
891,510.7842623409015,512.2632591566507
892,510.79327798240973,510.5079467387373
893,509.7525325737684,511.68150957211174
894,513.5267041334026,512.1071929355329
895,509.77068041280427,510.540205696799
896,511.2462743932512,509.04160729227294
897,510.81530616076907,508.19524929774093
898,510.55986326958526,510.06460578142713
899,508.8213382249905,513.1594470589387
900,509.9438851825688,511.33068237080124
901,510.73538286534205,510.20251849728004
902,509.69670757319506,513.8274877199455
903,512.9037598678203,512.1847779794053
904,509.2153666762473,512.0044218175487
905,512.7135126418058,511.51157644013756
906,512.0173671396832,510.3499282602284
907,512.3132699419948,510.6887881752737
908,510.80301442191035,509.52733325478187
909,508.3640858642945,511.51290006010834
910,512.0122536391882,512.5423391240346
911,511.30648479611534,509.93905215009437
912,510.19815172459715,512.1663300582039
913,509.4669348184286,510.55805291724477
914,511.58873037395773,508.6910230647064
915,512.3943069593876,511.11724057541375
916,511.39455544694744,511.5394501619624
917,512.0581687771278,508.0996322452667
918,512.8532313291303,511.28374456375604
919,509.6771156118329,513.3533388629708
920,511.3364882275682,510.8590529144873
921,509.4514097117779,510.15974562736915
922,509.46350235319017,509.78469348204527
923,513.3355989525555,511.38418220561357
924,511.55344925178605,512.7112734956918
925,510.47861511541373,510.5890302355496
926,510.17440144993503,510.32653185822545
927,509.82262334771065,508.700823762706
928,512.6720709144124,511.1117533831647
929,510.63912411619424,509.96486349323027
930,512.2950154584612,511.0602781994401
931,512.9973305987737,511.3350276092275
932,511.3885068017652,510.06152352824535
933,510.98643864627337,513.2075934577481
934,509.8830747282835,510.6349587347917
935,509.2568012016345,511.1597565977254
936,510.58444607988775,510.9704147149924
937,513.6406150659539,510.33390417487925
938,509.44617706269344,509.7746663197263
939,508.72978893307715,508.168766840464
940,509.17042501618056,511.095894686903
941,511.98766039609103,512.3992482409442
942,511.0292660911593,511.0244960388765
943,511.83904761718674,512.3866202867666
944,510.60224317477406,510.96334691697626
945,511.6323959718259,513.0694341655823
946,511.33156878380464,510.5378520993328
947,509.92857514976487,512.0616300946883
948,511.03526191755617,509.9147009977186
949,510.3691745005295,511.55956481956974
950,511.2262873323924,513.2488713077971
951,509.36554835495383,510.94550757361594
952,507.7604113591507,509.76981150319324
953,510.3076851943176,510.5304921310706
954,510.74516500973687,512.5868635521297
955,512.0304500485843,508.2030552782099
956,508.9544835919556,511.40302516819145
957,509.3776209558052,510.9178993630956
958,512.6492828684783,510.8172652857644
959,508.22823868119383,510.1199771729629
960,513.1884767148537,512.4399827687704
961,512.6645688288335,511.976258360134
962,511.68212697213244,510.8201030565742
963,512.7862459317646,511.6867608787288
964,511.3096987765259,509.61276069168787
965,509.71547162024956,509.5331499062635
966,511.4629352602999,509.6392545205537
967,514.0483298082922,510.68618223978643
968,509.1173517009999,508.9279791647324
969,511.0614574157468,510.02285073921684
970,508.84102829311394,509.7685211279533
971,511.8656200125574,511.4729011735039
972,510.8930066897993,511.6106533290396
973,512.555179475928,511.1528787840665
974,511.42554823274435,507.343698654695
975,509.4654776824149,512.4117752148471
976,509.3228490266262,510.3712391422361
977,509.4163927423061,510.52638089088464
978,511.7813947581692,508.09968006522143
979,511.44522400107684,511.0726894716781
980,511.10405351766724,510.6532017621366
981,511.0928158405657,510.25763252499735
982,511.258312604069,510.4928624543636
983,511.05552006798047,511.58190562604887
984,507.44786428809533,511.14969253999334
985,512.1762787967749,509.26877405259916
986,510.8091868480714,510.48770701998876
987,511.85329345308145,510.2532836483774
988,510.49172659309426,510.9651778325908
989,509.03007738504266,509.5222258418999
990,509.87608870769026,510.0277114849062
991,508.9129713664481,510.07831570166337
992,510.53176146979325,510.2386837089573
993,510.65480905407634,511.39928007175894
994,510.84543951248787,512.4441245242438
995,508.3512446629127,508.66550027037516
996,511.897508752506,511.65271362781215
997,510.2509211261069,510.16197632218245
998,511.0601691568019,511.45261031082765
999,509.7035139775684,512.2609550605353
1000,513.6819879472972,511.4484687645149
1001,510.26951148999234,510.7650123963157
1002,509.44262190641194,515.199715634713
1003,510.3899600859616,511.2319060382056
1004,507.7299180933485,509.16099950869943
1005,510.15700498400963,508.94373418833277
1006,512.4010858028246,509.33275568219
1007,509.96162235372805,514.8828779523495
1008,511.7072513230276,510.5616003479324
1009,511.0701362136246,510.9984061697726
1010,510.35845314624004,508.04218915589405
1011,509.42989529015875,511.70506546477884
1012,512.1135612446385,511.2666739270901
1013,511.65478383974056,513.7406959826817
1014,510.74595647279335,513.3418905467305
1015,509.91113972253214,510.00313647664035
1016,511.28663940094157,510.97850780222547
1017,511.7674164552675,511.28574609298465
1018,511.1525096284251,510.1236158057922
1019,511.1291444855036,511.03447309877754
1020,510.2075318458931,511.65003958160264
1021,508.8474487985582,511.80835518091317
1022,512.4509140588934,509.65786003852594
1023,510.67323692655793,509.6335617574588
1024,510.7490150591961,510.9883284362293
1025,509.5677799802353,508.80112160995884
1026,512.5646306302256,509.40080071718063
1027,512.8514212455786,510.49579157885677
1028,511.36498240251296,510.59606349532464
1029,510.9148431529187,508.76588946037197
1030,511.4249181470994,510.7049459728916
1031,511.50771618250303,511.809145643266
1032,511.04966310926085,509.5979206735537
1033,511.6809409885344,511.9958047093064
1034,509.9412698830977,512.2373683538702
1035,511.0654392341147,510.6792663201936
1036,510.7707629397174,510.8483591290631
1037,511.2594712815936,513.5604991171924
1038,510.51728481735404,513.063000448001
1039,510.71464534266494,510.4693578543829
1040,510.0955458896867,509.93420187478364
1041,512.1138731472697,512.6951572088714
1042,511.38305478968437,513.1131900464769
1043,512.2059360491645,511.3240966509432
1044,510.7401706590095,512.6623759170234
1045,509.3537854299917,508.9273970537299
1046,509.49976382356624,509.80241330342534
1047,511.5838377686369,510.9229400867915
1048,512.208989850425,509.73329135673356
1049,513.1892192840119,512.446671467079
1050,510.51188449158315,509.2353420730212
1051,509.1327742533584,510.1845631742123
1052,510.5305166977152,509.4698895781626
1053,508.6702359966133,511.7379609777287
1054,509.87729029729496,510.89366375119863
1055,509.9394317211152,511.69961224141764
1056,509.4760069636668,511.0624151723991
1057,511.9958394416239,511.2290985658169
1058,510.5151767751632,510.56094237024865
1059,512.6457008388467,510.279504558324
1060,510.63476694459035,513.3368935928846
1061,511.4095901522499,510.670691424036
1062,510.9436805084923,509.7974353877393
1063,511.21258593652027,512.053386350012
1064,511.79686820232126,511.47233655120516
1065,510.9977889169067,511.211586617428
1066,509.1124199014134,512.3343026810243
1067,509.36813067923134,511.4426051971246
1068,512.9305917774775,511.03426604104686
1069,512.2217458160856,512.4991858415862
1070,510.5108671509905,510.3165741671683
1071,509.3164352519492,512.5311809088488
1072,512.1048510807093,512.5877774500688
1073,511.12695046367776,509.7580980859784
1074,511.46948681079976,512.2707796771512
1075,510.91957116148336,512.0888878834513
1076,511.884993189641,511.1101513205721
1077,511.8445476498771,512.0581103058659
1078,509.98157715292433,511.2103221743025
1079,510.72132665892536,512.0684792840922
1080,511.4423822987104,511.0588097642564
1081,511.5144500457406,509.744460038788
1082,511.0873176611029,509.448162915623
1083,511.87693125998817,510.4814372694011
1084,510.4646131541917,513.3587900641375
1085,509.85824375534827,511.4592740782483
1086,510.7256457985424,509.55243109467796
1087,512.2064093875043,511.1122759353965
1088,509.6243371482435,510.79369061155876
1089,512.5233726302762,511.4086203881687
1090,510.6266370319925,509.906386625626
1091,512.8084892085625,512.0880129166661
1092,510.6445673186266,512.2161707922013
1093,510.5315987730221,508.80845272944
1094,509.66021687611095,509.5946333963492
1095,509.86309980264167,511.3126622907596
1096,510.04652219345803,511.64872262946176
1097,512.4271222008102,511.30830175448335
1098,511.8687546979922,510.510224013143
1099,509.93063312324114,511.3522154119301
1100,509.8873019022476,509.1657251778341
1101,510.2263511405821,513.0558563724411
1102,511.1170080972821,512.0189377973055
1103,510.4446488227816,511.1506582373468
1104,513.1429883378224,512.4505095444277
1105,513.0143376473048,509.85122773537734
1106,511.53154291614123,509.9224394235034
1107,510.28847142683213,511.60048555353984
1108,509.39196893135346,508.8432215716876
1109,511.49500696431215,511.5929599491175
1110,510.2234347440959,510.1648457781733
1111,509.95223150980746,509.28872496314307
1112,513.1620750741699,512.2434609626008
1113,511.9325273994276,512.9732410246901
1114,510.3218401622847,508.9832636893077
1115,511.0848565403668,512.2625356391393
1116,512.9678544559514,509.5952450108404
1117,511.42783612028626,509.8855991221168
1118,511.51216493335454,510.49804170554745
1119,510.34984030744766,509.2801802922182
1120,508.276539506623,509.2942119611561
1121,510.32020283548974,511.41043755324546
1122,509.7594936480109,510.0285687055893
1123,511.63583743623974,509.4236444502126
1124,509.9955555432582,510.1064377907743
1125,510.4752001321003,510.4441261973461
1126,511.3493741356045,512.0522377494572
1127,511.1162492249041,510.390550761586
1128,511.0112363915967,510.72346468481953
1129,510.4674380009936,510.37615077897226
1130,510.74798534667235,511.68679516443245
1131,509.686277248315,510.4798086593559
1132,510.413359870064,508.52824042960526
1133,512.2966397638979,512.2637643731225
1134,509.61512596475234,512.3599891968582
1135,511.1112583590138,510.6894789158444
1136,510.15070887545374,510.69282696099634
1137,511.4379445507519,512.28795693786
1138,511.2165873171259,510.59769983840613
1139,509.483867230315,510.2979703946918
1140,511.06991936153867,510.2693654201496
1141,513.2826978854638,508.9885621619919
1142,510.4940218656507,510.1734989640418
1143,510.27899303374426,511.69852614509904
1144,510.8946003885017,510.42920844894405
1145,511.79626123897583,512.5264571873613
1146,509.5357831758115,511.7448586138205
1147,512.5174033126192,510.6653396249902
1148,510.59227499968694,511.15511936879045
1149,512.1600533403375,509.42907693983466
1150,509.86546356748556,511.43498564142016
1151,513.3059191045172,512.8751304885727
1152,512.4018812689511,512.5165504562461
1153,509.6329126177093,511.56103550979896
1154,509.6464244461343,510.7003402186603
1155,512.055475067421,511.1697976173926
1156,513.4323715493863,508.9720686795264
1157,509.8357370487768,512.4222956480172
1158,508.6608630022881,510.275817702713
1159,509.8533134152621,511.80450511952677
1160,510.9743332286656,511.4401117026608
1161,510.9594858594992,511.61552578784216
1162,512.5320963473143,512.4365555423825
1163,510.1673850885966,509.5466026129424
1164,511.9219912688888,510.4120851781877
1165,509.9456838336639,510.6532000351622
1166,508.9846321967041,509.4532000695473
1167,512.0123936204676,511.0737992154661
1168,507.9917906264357,510.6221287629891
1169,511.71430111396853,512.8518627275965
1170,511.2047416626886,510.0451597467511
1171,509.36484167458053,512.0143734520356
1172,512.89716467374,511.60344596328434
1173,510.13719769806136,511.1937091320374
1174,510.58538395137475,511.3141163266234
1175,509.15713650503943,508.4312986748685
1176,509.2502302639189,511.00158270737273
1177,508.2111672198571,512.3355222510222
1178,509.1814406032415,511.5944698624142
1179,511.17190882539893,509.71530108669833
1180,508.98045904924317,511.12099935180214
1181,512.6392668068378,508.5986932465888
1182,509.959567755228,512.7289789841066
1183,508.8218994760277,511.82940446722756
1184,511.8120013657485,509.9645629311657
1185,509.479766986381,511.36933818355095
1186,511.7572898253637,511.78425004175455
1187,510.9315092054092,510.2531661437056
1188,509.0358287561843,511.2940919769116
1189,509.93525099527375,509.5867080158555
1190,510.97839019382695,510.436459362174
1191,511.4582420165441,510.4981383726734
1192,509.329201714597,510.6127392384633
1193,512.0599872527861,510.0814878439786
1194,511.14612270925727,510.3934235047149
1195,510.9902919958037,510.002074831414
1196,509.8566097536235,513.9841633792453
1197,509.82639420130863,508.81982452072367
1198,512.2093115721308,511.95087210943177
1199,510.83316237388317,512.0202965269583
1200,508.2775310933693,510.5274262203985
1201,510.62185245277954,512.5141804125831
1202,511.25272614276463,513.3151590926477
1203,511.3259176192072,511.39998200395894
1204,510.66950538188445,511.8877789998299
1205,512.3188815565628,511.6088929851095
1206,513.6038194766672,510.2953952840423
1207,511.2348717227758,512.8428864347082
1208,510.52570935570674,512.23937029696
1209,512.1794525356474,511.85061306449467
1210,511.6285333050591,509.3880152126865
1211,509.931197501173,512.3544110818378
1212,512.5374483342525,510.18864039977603
1213,513.8048195034219,508.4939589174284
1214,511.7263179659403,513.2439522874371
1215,511.09190070570526,510.4610651049241
1216,510.1416722830416,507.2664874337919
1217,512.0936736049798,509.95948691237516
1218,510.55973343507804,511.7075020420016
1219,508.1586827403011,511.2890958101802
1220,510.8448697890573,512.0418362223785
1221,511.19631319947143,509.79985701144557
1222,511.3091226615821,509.60262551461057
1223,514.0405577514784,512.6907012041376
1224,510.07482869407033,511.275241316631
1225,510.84439888208794,510.91793292604075
1226,511.06453632576023,511.0616731687839
1227,510.7072954244351,510.7318907281728
1228,510.8763438653903,510.2585707597491
1229,510.11041124638575,511.5707473198066
1230,511.3718352985157,510.93481753519404
1231,511.59624930588683,512.9559510868622
1232,507.87879498283803,511.14518562195815
1233,512.4953998174365,509.5324618817967
1234,509.9292910809498,510.59714264394063
1235,512.6446607568768,511.65516350048256
1236,510.53127597323606,511.1849151198204
1237,507.4193493946132,513.7129855316349
1238,511.0239108029034,509.78289580405493
1239,509.59543432588157,511.14002789909796
1240,510.6629944706288,513.2630839216375
1241,510.24834503652346,509.67763357694446
1242,507.7193646218624,511.4679078541096
1243,510.9467992328271,513.4400621992771
1244,511.1190388939428,513.9743426060153
1245,513.3166510953355,513.0416068787347
1246,512.3310809954745,509.7377488012778
1247,511.4424401948588,509.04481345626107
1248,513.0427518490644,510.400041272668
1249,511.25856802402336,509.7279134332477
1250,510.5122231330189,509.5349989540746
1251,509.18501543977,508.9094578734619
1252,511.03910722218194,510.2175697230764
1253,510.35902221761364,510.76711288446035
1254,509.68478393360294,511.21858395930013
1255,512.8130698607952,510.1325057236372
1256,510.83921843359946,511.26080729134156
1257,511.09861723639364,509.92922171395145
1258,511.9570067744285,512.6993165609518
1259,512.1589838176109,509.1587589237676
1260,511.61159247166137,511.1128859858034
1261,511.38374379995116,511.4358219884789
1262,511.3260283670026,510.45203790056644
1263,511.5509408715535,511.45942543701454
1264,513.1638663027308,510.9113862551212
1265,509.57140112558,512.1960721754556
1266,509.1326351820366,511.0079938045434
1267,509.0223227856838,508.88685461875025
1268,511.3929042951377,510.662636386424
1269,508.3678582733204,512.4818441778335
1270,509.50565799791144,510.82537479178853
1271,510.8057690742612,510.1476785316128
1272,510.5728631512831,509.82454155585253
1273,511.8992204138728,512.088988489272
1274,509.3849619611827,510.8600920146939
1275,511.84489980912554,511.3629510399879
1276,507.66775886116955,510.61169971730834
1277,509.89623565790407,511.71593284324445
1278,511.04783112589763,510.03056028442575
1279,508.40548215713403,509.49482128924
1280,512.3229919100958,510.06362950842316
1281,512.246062733027,510.0847543933476
1282,511.21717399337825,510.09873699118646
1283,512.1901656955536,510.81447031230397
1284,510.4903974789578,508.92271233123773
1285,511.0069752466306,510.343504024971
1286,512.1530917629582,510.82196028277906
1287,509.8161473375471,509.1766472918219
1288,510.10317592624233,512.6183221456125
1289,512.6582720181523,512.8489864260625
1290,508.3040796677605,510.8776101698762
1291,511.55099117879075,512.1656882964927
1292,508.1824492190264,511.86735144313997
1293,511.5362523390506,510.81201084153474
1294,513.1012716721883,509.78208684141254
1295,510.9178117635728,514.1450666396727
1296,512.8024752256424,511.6183453613869
1297,511.2559713423482,512.1936424840243
1298,507.38245352749857,511.50614392981913
1299,509.6241066550301,511.0654875331216
1300,513.1690239155567,511.0594598660329
1301,511.1574542275255,508.17229316093403
1302,510.333261989793,508.9423393819449
1303,512.0034891681271,512.431245029779
1304,509.98884161725476,511.5481276610086
1305,508.171894742646,512.0945535244491
1306,510.4229597558748,512.8644588888035
1307,513.5263528010126,513.6347069063978
1308,511.9654862258052,509.47884248486304
1309,510.17998569478823,510.46599549418295
1310,510.03286622735214,511.15477943758617
1311,511.43053564495426,513.4027014527671
1312,511.4091025334125,512.6886718530235
1313,512.3259234423547,509.9594524504419
1314,510.1630979293249,509.89380683277267
1315,513.498293067149,511.2356903600959
1316,510.3038934118147,510.02570780090804
1317,510.66272840940735,513.2273964036937
1318,508.634544182058,511.1165216566832
1319,510.4913892395935,511.0791255054509
1320,512.9453984494066,511.29058234821207
1321,510.40974722988955,511.76427066179446
1322,510.50766645790776,511.46554555976587
1323,509.6531004799953,510.72655392348827
1324,512.2160875068782,508.69338395102125
1325,508.32899593324845,513.2486876945837
1326,510.48931052200993,510.6418220488189
1327,512.876156157186,508.55223287856313
1328,510.53175777978777,510.9879439616662
1329,509.2848214602492,509.36999068522505
1330,513.1339405080606,510.7168268330695
1331,508.59489041829033,510.63904636650676
1332,510.53694623797725,511.6896833432804
1333,508.9840953883922,509.0326101852123
1334,513.2554438495991,511.093896550012
1335,509.86539488385927,509.56110765980526
1336,513.9994166360036,510.49268728028653
1337,510.85510185589527,510.8706653221367
1338,512.2324330120836,509.1433014305777
1339,510.23528244999443,511.0273874842515
1340,509.01560292601306,510.3482912590575
1341,510.15156826175195,512.3343039447681
1342,513.1699328157141,509.30780772012434
1343,512.0903547256646,509.1755774147472
1344,511.0007583586607,512.6200890522689
1345,511.29258166894414,509.1716041284009
1346,512.0307564972222,513.5524000339126
1347,510.5824563386263,512.3207287391481
1348,511.1083892410525,510.27717429430805
1349,512.6236164717701,510.6756612713024
1350,510.900687350039,510.6300520532583
1351,510.3071436603449,512.4124587703004
1352,511.41110557733504,512.6509535035487
1353,510.6061586885619,511.9429643156525
1354,510.2046392782504,510.7159323355342
1355,514.0215769366581,511.3002295280939
1356,510.33102900184963,511.1384235126298
1357,510.0146659448977,510.6686255574111
1358,511.1776814350422,513.2008355530704
1359,509.29716797725655,511.140059667674
1360,512.674676258838,510.91939725882617
1361,512.0620666264269,511.3720358868005
1362,511.5418857783109,509.98226205287114
1363,511.3406058164237,510.59216632758876
1364,509.986601782888,510.7391116735151
1365,509.0737043967845,510.6568394671953
1366,509.68311343065784,508.8217341321205
1367,510.6938019753689,513.8782145523513
1368,511.84431499738537,511.40859796374997
1369,510.17515195733847,509.5971594484157
1370,511.21381468795056,512.9048983588419
1371,510.90322260093916,507.559399140221
1372,512.5291078569337,511.39829784377673
1373,511.8762316663625,512.6228734765727
1374,509.334153059347,510.84689115081613
1375,512.1831119329839,509.8559851323367
1376,512.1493883497266,510.5690508880485
1377,508.9988915667282,512.2533617027926
1378,510.9418125264032,509.6571615855167
1379,511.21324813728194,513.6456094854417
1380,512.3805577611065,509.4110228396378
1381,509.70942209469007,508.6890262040828
1382,512.5811464414021,511.42121298548426
1383,510.77264678515115,514.7401980871268
1384,513.0148583459303,510.6824519553555
1385,508.4097484607228,511.09711361093156
1386,511.1050168156361,508.09689408675496
1387,511.70696833493855,511.4874629162997
1388,512.1574758226662,511.95987840343867
1389,513.8919805698612,510.67691687203256
1390,510.1545786419075,509.8845735888292
1391,511.3829415264879,512.2719739695023
1392,510.2605250934121,509.4435461839383
1393,509.55274939726127,509.8586577837333
1394,511.48453096055755,509.63148912730304
1395,508.9539280400108,508.06175769431155
1396,508.71282868728,508.95339654411015
1397,511.6642462833147,509.9824837189782
1398,510.9523392670037,511.46926205452695
1399,511.57991679555107,507.915116045741
1400,512.4675870974686,510.37377229746625
1401,513.3284404184022,510.741296035084
1402,513.4908196740208,511.30838001574324
1403,514.1352236956455,510.27131685785696
1404,513.2272806952674,512.0308204692861
1405,511.8501866044755,509.97267975220177
1406,511.0236543713453,511.6424373155637
1407,510.705472148576,512.0777823830274
1408,509.0227844589117,514.1568801014316
1409,511.1002329802845,510.60967111736613
1410,509.31914179937917,509.62034992565566
1411,511.3873005645072,511.6484103339768
1412,510.09241642042383,509.91522141595857
1413,509.27980118273877,512.6666027459199
1414,511.97670637149344,508.6924554732324
1415,512.8821957682687,515.1436193017391
1416,510.67684093855223,509.1657562088492
1417,511.33664315563897,511.73460886336727
1418,511.1710680465701,512.5158852845818
1419,512.6119712645104,509.61933090520836
1420,508.0209418844016,509.82362746922473
1421,511.6808272336684,512.2656496501469
1422,510.9110751506758,512.2500768434722
1423,511.4446147971896,512.5519571250245
1424,512.8472484446692,512.4549007082586
1425,512.2401506902107,512.1944201542095
1426,513.19137840362,514.0204547368429
1427,512.0872963136064,511.66911582876037
1428,511.41140220124527,511.4688366236473
1429,511.2059582288042,511.1304795045027
1430,512.4320717772486,512.0501445662593
1431,512.3450968051137,511.8842009013533
1432,509.5366957566671,508.8592480052768
1433,510.6540323390342,509.6970964772546
1434,507.4902810391128,510.8111902981197
1435,510.4213396403366,511.5730403885266
1436,511.3504166698881,513.1819737472028
1437,512.2382289091231,508.877299813651
1438,511.99700845378413,509.9420533680326
1439,510.8279693376359,510.5155191652813
1440,512.1567749561808,511.3941032872739
1441,511.9639690888414,511.3127135166034
1442,509.3019617647044,513.4045300579725
1443,511.515062003349,510.97785481461045
1444,511.43814911658245,511.5788952509118
1445,511.7789861126199,515.1054918917832
1446,513.3125423367338,516.0119398571575
1447,511.00186372717485,511.9902415135371
1448,510.97679810928435,510.87765893041563
1449,510.67632090265795,512.8192612102583
1450,511.2092656089211,510.00185253460415
1451,512.176315299952,513.1341960590788
1452,509.62495242434244,511.8317385064667
1453,511.70284026043885,511.2924205872925
1454,512.4556992669928,507.31041717782256
1455,511.94654267130556,511.9397731982519
1456,510.9844083111608,511.5183522071886
1457,512.6960089708062,511.828880631034
1458,508.92476875934267,509.89390230929206
1459,510.7669416941652,513.4497169341352
1460,511.05582945918985,511.694335928877
1461,510.6399807462681,509.46585133759345
1462,510.35337794407474,512.4740869874457
1463,511.3379567519741,509.94941116146794
1464,510.6847768721745,509.55262689393305
1465,510.9844104181323,510.6113716210601
1466,511.7061547735424,513.3863062142914
1467,511.8912400478501,512.8490919332772
1468,508.2157800644378,511.03167478380766
1469,510.34189005287664,509.07160825815185
1470,510.66561659792575,513.4342170352095
1471,507.1688948297658,511.12742040781956
1472,513.9533857094306,512.6442077583931
1473,511.00965717419456,509.7489950000289
1474,510.11635738619304,509.70850099524637
1475,510.1663756693549,509.957944777858
1476,510.2522774825018,509.8495890339795
1477,509.3871239133151,511.59046683284714
1478,510.7781542791151,509.8018145080349
1479,510.33642834599664,509.7890659340686
1480,508.6102919652762,509.1818334659421
1481,509.1754091124122,513.3828797727604
1482,510.4921632312734,511.8470390701812
1483,509.39439586639736,510.17564993379057
1484,514.1855116997158,510.5998936537462
1485,510.3296845464083,509.3839599684755
1486,509.93329010534933,510.7710250953585
1487,512.5583070295222,511.3129322423847
1488,514.3207960346629,511.0942826590477
1489,508.76893354337557,510.7548294504504
1490,511.27573933110244,511.3277318593236
1491,513.7512728792883,509.26549251083867
1492,509.922356067691,511.1159664495051
1493,510.83529215234233,510.44962331493025
1494,509.46070132954833,510.74338582640416
1495,511.26915033250793,511.9423179365034
1496,511.88321092949076,512.6949322503632
1497,510.5476148977939,509.6826443408638
1498,511.38435255824396,511.0808287218389
1499,506.7108937440133,511.0594522135054
1500,510.34556167116216,508.7168568316773
1501,511.3642143813369,514.6792343990085
1502,511.1815722070752,510.2385952775324
1503,511.8490344311456,512.2567629824363
1504,511.74991741004635,511.1342144925517
1505,511.0302815327859,511.27156241634367
1506,509.9302797320528,512.5826209487178
1507,509.6231696883724,509.54411772594585
1508,512.7366825358954,510.1217881175344
1509,508.46915184257017,510.2429984019497
1510,512.9421831747438,512.2213875439546
1511,513.2054213929075,511.14394305982916
1512,510.65336190554314,512.0398330301571
1513,509.90250117203277,511.4605448257946
1514,511.5414681265148,510.59018433306375
1515,510.5636960674,512.4624457267826
1516,511.23848647405686,510.40630786004493
1517,512.5594478882086,510.85708120575185
1518,512.9244438142039,511.6468360844003
1519,511.58495260240323,512.946080551534
1520,508.27659294750356,511.0903828179878
1521,512.7210249984474,510.89483198826383
1522,513.1067394997888,510.6427334897125
1523,511.50378284478757,510.37460854099595
1524,511.41227973354466,510.65132878423503
1525,510.67429177907695,507.31949539191777
1526,509.19087037033324,512.0079542954401
1527,513.6142260305372,509.9104686719549
1528,511.6469623803101,511.15721933430024
1529,510.8349511399559,513.0496765256263
1530,509.4030805036155,512.9415685060443
1531,511.97953262157824,511.29519526951606
1532,511.77184918555633,512.4259402899288
1533,511.1422805741468,509.32563311028935
1534,510.52841625473036,509.6064177360041
1535,512.1140891458385,510.6506060151454
1536,511.9552094321849,508.1635749671715
1537,512.381916822985,510.31419648732697
1538,510.5057639737814,511.51753361475016
1539,509.75963319453587,511.46809910278506
1540,511.7175180253331,511.90766167771557
1541,509.2180358313042,511.10299747394583
1542,510.0939676377549,510.3555454113151
1543,511.1235165028116,509.73523294522437
1544,510.91160306464076,510.488672370653
1545,511.7651163067755,511.251785100937
1546,511.0745418252276,512.2392333849149
1547,512.7140030978027,509.4149552199995
1548,509.5309681848192,511.48003419749847
1549,512.3841502452441,512.8558698202906
1550,510.92010434302927,511.92721251048897
1551,510.37610710897025,509.82233088709415
1552,509.90260292385454,510.91080358657706
1553,509.1363330868548,510.29010921934366
1554,514.1174901701986,509.7882059306182
1555,511.3373482064435,511.4377156802034
1556,511.14986318411337,510.41015719231666
1557,510.92602786676184,511.46934068653104
1558,509.9015845746712,512.1173660272212
1559,509.84268515682777,509.6866839563667
1560,511.54937420116914,511.0654738681292
1561,515.7276574270877,511.43366564215074
